{"mae": 0.5342609286308289, "r2": 0.9606608152389526}